<?xml version="1.0" encoding="UTF-8"?>

<!-- Change 'New message' in chatter to 'Attachment' -->
<templates>
	<t t-extend="mail.Chatter">
		 <t t-jquery=".o_chatter" t-operation="replace">
			<div class="o_chatter">
				<div class="o_chatter_topbar">
					<button type="button" class="btn btn-sm btn-primary o_chatter_button_new_message" title="Send a message">
						Attachment
					</button>
					<button type="button" class="btn btn-sm btn-primary o_chatter_button_save_and_send_btn" title="Save">
						Save and Send
					</button>
					<button t-if="widget.options.display_log_button" class="btn btn-sm btn-link o_chatter_button_log_note" title="Log a note. Followers will not be notified.">
						Log an internal note
					</button>
				</div>
			</div>
		</t>
	</t>
</templates>
